tool_name,link,source,date_found
,https://news.google.com/rss/articles/CBMizwFBVV95cUxOQ2ZlQVRMcnU3RzQ2RFpxZll3YzBUS2g4dGI3MmtvTDluSmRpaDE0ZHpLRW41R2Q5Z2g2VF81eUM4c2x3b2dGNlVyeWYwcVN2QUhlMGZDWkpHWWNjUHZsMXNpT09yWFpsWVJ6ai1VdzhkQUkzYXZYOXAtMDhNUk82dVNuME14NnVVMFRFMmJmVVF0akJNUzBsYjhncGgyTXREZnZIQ1VyeFhiOEFHcDZzSzRfVVBoYVItbGp2OF9JcmJlcWJycEc1cUdaX3NVNFU?oc=5,,
,https://news.google.com/rss/articles/CBMiugFBVV95cUxQWlE4cHYwSmxKRVNHN0xsS2JOLTdFN3VRVThSRUt3MVZyeV9QWFZRdExBRE1YVXlHVFZlc2JFQ0tpMUR5WkVsT1FKNzdpa2VxNW81UjJMZU1OQWlMbzFwdmE3RFVYRVdpSHJodlVDUTBSMlg2amw3VnE2OUl0dGJjSTlPdUxvWWlSTFZjVlhKODI1eHBUWlR1M3d6b3F1WndtRGhUVGlEd0Jha3dIY3BQR0pUTXVhNUhvQmc?oc=5,,
,https://news.google.com/rss/articles/CBMiiwFBVV95cUxONTRYS0JaT2RlUnl6VllqRkg1SWVVVmtxdnhyRjJuSkFPYjg1dGxNMm01Y2sxaUVQNzRMcEsxdUNLYXRnMmhLa1AtZTVXTENMbWJDQW1CN3YxS1JWc29Kc04xdWdJSDJtZ3dLeW1QNG5RWGNJc1VJRk9JOW5qeWFuWUNZU0R0bXFOVVNv?oc=5,,
,https://news.google.com/rss/articles/CBMiuwFBVV95cUxPaERxNTBEaGcwUUlTM09kVVQyUjl5QmxJTHY2c0xUbnlKdHRYYlVMdzU0aTlGeEhfYTNSY0tvRkpvamlHVWd0aWJXb1JJS1B3LW1tNjBkSEQ3OVg2THp2RHZEeTlzdDBvZHhudUVVMUZ1RkNFRjBQeUhaUjJnTXpBXzJwYkl3X1dNWUdDU1VVeWNmajcta2tqSFQyNHNwaGVkTnVtUXRRRXBVT0hzRUVjMUdWUTRYc0VqYm5v0gHPAUFVX3lxTFB3REhHUUxxVGF2bGtTV21rWUp2X0FMUy1aR25ycm95M3JRTXR6UURmZzZGd0w2ZDlhcjhMSmNBdjBpT3h2N1VJNFNlZ0ozZ1drd0o2WF82clJDcUxDejBHNXJySDVjRUNKUC1qTDRiOF9iejl0Mk82c3pDOTdwWTlVWnVkMDFrMURrS3Z4T19BRHphTnBTSHFyTE1HdnNJZUxxQ3ZMX1gweUtwNkhqUjZFbTNSWERlYkJNSkxLeEtoZHg1eTFYcW1Mek9TY0FiMA?oc=5,,
,https://news.google.com/rss/articles/CBMijAFBVV95cUxOX2E3enNxZ2FOd3RDa0Y1OGxIRjJUMGNXekJXd1ViUU1kX01adWpiMi1VTkVLVHlWT1ZfX0tLeVZMOE1DSTBOZmhia05HaS0tSU5wclRWOW9OTTlZbks2MWx6N2tUV1Q1Z3BIQVBoTmxiVWo4aGwwMXFkU0FVY1ZWcTJ5STUtNFAxRXRfRw?oc=5,,
,https://news.google.com/rss/articles/CBMi1gFBVV95cUxQb3ZxY3JKRmxCZGFRbTVVVjNtWFFwUDVOQkFvTmE2VzNTYzlSd3p4UFFaTXVBQ3RFd3RoMzVWcjdzSm01NU5mMy02YXo4OVVua0ZRWnJPU3NNejVVUTRueTJaaXU3S2wyZVZXd3hPV0h1cHFMYWdpcF9fTWl0QlZhN0VFV19YU2REMjZxcC1CRjNyMFVzd3J2Z2dhTDU4SG1Ib2pJWmd3dEgzTkFaUF84WjRVbXJQTTNhQnhRNFJKSXdyaFhOa3k1d05CS0J2Y0g0Z0hfTFBn?oc=5,,
,https://news.google.com/rss/articles/CBMirgFBVV95cUxNTWMzaWxDY3NaMXNPb3R1Smt4Vnhtc2NlZlA2bHlMRFQ1OGVRbFBqVG4ydTlIbUV6OGdCWmlhbXcxUUF3VkMzS09MTFd5c2xIU3lld2VHNklvRWFzUlk5N0ZJbDZPV1JfSW9tM3pENEl2VTB6cFFUcnkxcVptWmZ1S2tBOHZBaEpDME83NU9CU1BTakpIXzE3aDd6M2NORVgzYTRlN1hQQ2dpZGtyZWc?oc=5,,
,https://news.google.com/rss/articles/CBMihAFBVV95cUxNT0ROSDRMekpHdUQ5TkVvRmFYWjJJQzdIeVBOU3ZaSGMzVmFsX0hQZW5BXzhaVEtSRnU5R19LdmI0aVVncFdWbjBpVk9SRG1SeGdObnhoOUlEVWVhTWVITmFNZTFaeXM0N1pDV2QwZ05ZcjFISjh3ZTJJaVZNNk9TY1RwdUg?oc=5,,
,https://news.google.com/rss/articles/CBMikAFBVV95cUxOWkM2UkRnRFQ3TXFnTGdSeDNvNUVBODA1WXlpdTBpNXdGdWdaYW01QWs0ZmdZbk1XcHNmRDFjZzJqOVNQZEFjczNlVUtBYW9IWmtTVUJyTGJHNFlXaWZfNXY5ZE9sWW8zSUxJcjIwSEExVXdFaXI3NGhuUDV0ZWlLWUtPT1RWSDZhRFlrSjZQbzHSAZYBQVVfeXFMT2ZqWERFZHVXNVJfSXNaU1p0eHBYVE9tY0FEdnZ1cWVtU09QS3YxQlYyQzNEUHBCN0V5REdiYjRGOWo2Q1B5UDFwRnMxRTdkUk94SGtNTkNucGpGc1l4c192bFRkTG1zb0ZfUkNMbjJBZmsxSjI1aE14VS1EaF81UWFDNjNLTlA5anR0YzZyLV9WZVdwVkpn?oc=5,,
,https://news.google.com/rss/articles/CBMi0wFBVV95cUxNcG1HWDNDRHZ3dGdnbWNCanpRMmRFajJDODJZcGxrVDhZOFNrd1BpUkRsRlhWLTdmT1pIeXdHWDhBTXFRUS1FNUZYTklFU0J2LUY4RzBvS1VWT0tlZFFCVWhEQVFOSXljMGhPRTZMT0UybUhaZEN5bTlXS3p0a1NubjJsYTJwa2pNWFNodnluOWdVTmZUR3oxUExHX0xCZVYwM2NBYjhIY3NwalJmMTU4UGZ0TnpXU3Bzci0tSUt3V2Z2amxLSnVPTnFfcGc5VUpmT01j0gHnAUFVX3lxTE12TTZ5WXM3Q0Y2dUpwUWlmdFNsc1prZUlaeEFHQlRqUlJzWTk3YmlmQ2xwVnhfb01LWS1iUzV1TldIQ21JMXIxOEoycGVCbkJNV2M5bXp1VnVvNFRNOVozN3lQX0ZkWmVNUXB0NWo1LUVyMHY0blNpLWNWNEpCdFpTRjg3MTZ2OXlvcEZ4QXQ0SG1TRXpjdkRlQWs4d0M4UVgtYnJiUm1yNGEyUGVHbUhUMUEwZXlhNmtiSE83YkNNaDNNU3VsNHRDVXZsS1NjZk1mdklTTDJtbWlKaFVpeFFOekFETFlnTQ?oc=5,,
,https://news.google.com/rss/articles/CBMiwAFBVV95cUxNQ0o3SFpCQXJGTEFuY1BnWHNOS0xUNkQ2YUxWSU53T01vN09vRHVueWdUTTRoZVJoUmFWcTRMMUJSbld3eTlpb2VZVDhxOElrbU4yZGFyUTRGRlpFbFp5QTM1amFDSkFHdHRNanc5ZTR6bXNIbUJWZkNIWXJiNlpONXAxSzJOV3ZkSUh2RXhqTjBUZU9yVTJJQUQ3Y050UUdOX3VpMWZnNHQwTlVHcl9jYlhZcFphT1U3RlVBb2IxaWM?oc=5,,
,https://news.google.com/rss/articles/CBMisAFBVV95cUxObFktS0NhSjYwYTRaNzc1ejAwVm1lNXNaN1lWN1dwY0Z6TVFJNHdLcWhxRTZ0ZUl1aEFMbnhhaUFVaFVZZGxaS2tmbDk4RE9yZnl6OFNXeWVRN1JyZ2tlSE1Zek5RcnNEeFdFaThSaDJwWWVZRVM4eDZtWjhtVFhwVkthbTd3cnVBWVNhVEFfS3ZnTXVhdzg4WUpBdnk5aWs4cjB2SEp2X2dSMkRGazFqVQ?oc=5,,
,https://news.google.com/rss/articles/CBMinwFBVV95cUxOVHAyWkhXLXZBbDdZcTAxcVloZ3hXN2duajhLMVpTTnhyYXo4dXFpVFl5OHhWVlpySEoyY2tpTTNraERQQmxHMkZ1ZWRCRTVOVnJlRkZOWkprWkgxZWNIVVhNUzR5T19kdnpDTENVUWVMZTdZTlVibC1SNmdscEZtV2d1enBGemxLWnVoNzRldWZhalFOT2R6Si1yVThnd2_SAaQBQVVfeXFMUGU2TFNlYTgyUVZ1TUJfVHdMTHgzdmdfLWdBcmJVdmJmTzJhNTZKVW83WjlkcHV2UExfTzdUSVBkblN6Uk82RE5VY1BSU0xJNV9kWkZtakdmaE8yeWp5Z09waGRWSF9PS1BrdHhOQzMxd0ZMSV8waGsxS3l0TDU2LU5tSlNZem9LS292Q2JHSWdNT2dnSnJ5b3haOEpTY0tlRmZ0MnE?oc=5,,
,https://news.google.com/rss/articles/CBMiigFBVV95cUxPMFFjNjg5NzJWYTQzVzJjbl9CUWFSank3cnpkTURCcjFmM3VQS3djeUhkcXFPWERUeFJmR3BKdWg2QkExRjJnc09hdVNCWVZkV1d2VlRFM2VNVWM5akF6QjVPTjU2aFBEU2tfRWFxaXZqUENiczdtLVgteDBONmotNEZtOUxoemFXTXc?oc=5,,
,https://news.google.com/rss/articles/CBMiqwFBVV95cUxOQTIybWh5aVhwWHUtUTRNRktXYTdzal9TblNNVUpsMkVxTVlpWEZDMUZGdWk1UUtBb01sd1pJRFc4MHNOelpiNFA5d0dOSWo2NU5hR29jc0I3TWdiMUxzMEZUR3E5NXhDcFBjbTFRd1BzMXJSRHg4Q18xbTM4S1BUbDQtbXZOdUNIN3drZGpwSlRlSVlDYjFtaU1BN3BMMUtrUVVfajJLQWw1VDA?oc=5,,
,https://news.google.com/rss/articles/CBMizAFBVV95cUxON0dkc0E5MTVpUVhjX3d2VFB0OW5zeEZ3TGlPT3FzTXNRN3psc0FaZndLeGtzS2JLeHFhem94VlZUNUpfMEhnQ0ozZjhsbG9vU3pwUHFScG5qX2pKN0RsSUVjZGtqbWloT09yWlk2SnNIR0Y2WmdMci1BWWtRXzdPbFAySzFldkFEaThtTE54YUlxU0kwMzRqS2pxMXRVZVpZcFBiUEM2dHFVTW9zTnBTU3ZBZ3JaVU5xNVdEVkpsZWdsc1VjLVNZcVRJbkw?oc=5,,
,https://news.google.com/rss/articles/CBMibkFVX3lxTE5BQ3RLeUMxanh1elNvWVZjS1VITmd0T3U2X2ExRlFTRDlXZkNoVEVCM0dnbWNEeE9GV2pIbjlKN29vbV9tWUZrdkZydlFyUEthNWt3REZJblh3RUVWTUtuSUpNQmVOVk11Z3VOM3B30gFzQVVfeXFMTW81SEZac0tCSjExY0duZmluWFo4Yl8zQ3lXLTItSEMtdWFZc3BNRUVvZHphcEIyQnQyT1BlVUNZa3l1NTBodUZ5YWZnd3FnQ1lHOWVIaXRiaXhQQWZXRWtxNnNjY0I0eDdwcENzcEswR21KQQ?oc=5,,
,https://news.google.com/rss/articles/CBMiYEFVX3lxTE5aT09HclNvSHZSV2M4WnZRcHFHZzY1djN0dVgteER6czRIRTRuUDM4bUxzSm5jX2lXTUwyWi1wcmNNQ2JvOEV0ZUFXNUJPRXd2bzlMX180OXdNN3V0TmJNdA?oc=5,,
,https://news.google.com/rss/articles/CBMiakFVX3lxTE8wd1NaMDVsNEFrR3huYmhmRVZ3NGpyTlM4Zy1kRUhGWVVjNnlDZzN4NHlJdE1xUVRjSTBnaUVVTlNXMUtfSzdjWHNsZFFSTXp2MmlUNmNidzlYT01BTjFQOUpqd1lwdmE0ZHfSAW9BVV95cUxPcDY5dkljR3VaMEUwTU5TREJCRUpnMlI1Wjd0c1YyZXpDdDA0Zy0xVFdDNU5IUjh0bnB4MkQ2aXhSM3ktSHJna05PV1FLU0t2N19sTWpTUGphdkF5TXEzWDhnZGx3djhXdXlaQno3NE0?oc=5,,
,https://news.google.com/rss/articles/CBMiekFVX3lxTE9wZTdKMWdTTm1PMmR5TzI2cEIwVUVSVDNUTC1QaUh4WW1rTVZ5aUstajl1TFp6WUlfM1BYd2V2T0NwSlFLajlFVW9wVm94MVl4SWFVMkN2TXZBN19lWG9sZXJ0bldWQVhhZEc4X1QtTDZzeTBFelNOUU9R?oc=5,,
,https://news.google.com/rss/articles/CBMieEFVX3lxTE9famJPbi1NYnBuVnJTek9kazYtMnFqWGpWS0lfOTl4OTVFYU1sZ01QWnVmQzRnWWNVS2lqb3NOOE9Kekk1WkZSQkR5WFlzZ2JsdVdkVDhOckM2Sm4wemZ6eWgyZVFVTVdVUGJlYnY5VHQ1TGpQOUVnTw?oc=5,,
,https://news.google.com/rss/articles/CBMimgFBVV95cUxNN1F1VTFWWlhxWUhXZml2THBqZWl5bjNUSGZKbF9ybnpTVUZvN2dwLWNGTHRKaWJyaERGY2xiME1nZUdXVUVCZDZVTmpVMEJEMk1VU25MbUtzT2dEM181ekhNbEtpM2RtV0lOblhxOUxmVjdna29yaksyRGFyRGpXMGRObGkyZjBQQThiRDhnSUV0Q2xjSFBYZ0FB?oc=5,,
,https://news.google.com/rss/articles/CBMiggFBVV95cUxPQmVuZm5ieE5KSi1MVEJsVHlLWWJEN2FvUzA4QWoyQjFlbVhkY053eTNIWkxoMEpLeTBKaTZqalRkUVpzVGFJVWVMRm9PNDh2eld5WVRpNGFGbzAtbFlfT1VRbGJUMXV2NWtGTHAxOEpWWi1OY28zZEU1MjktOUlNUHJ3?oc=5,,
,https://news.google.com/rss/articles/CBMiwAFBVV95cUxOUklaclZDa0ttbVVyQkE4N3ltU3M1OVRmR0VPRDNMcEtHSEJjUG14SDRpeGozWE1XQUVIOC1oOWhTSkVvbUJmVE9nUzJ5ZHN3enpSS3RWUXpUUWZwYmlqWmFtWTZhUHV3UHk0UmtrbkNTd3dwMGZMRkVpQ1hUVm9CVlRtcTROTEE1TVZjRmJ5MlFLLXVybmVJSEpjdnJ4MEdGblRuMWFpVWt4czN4bWhmZ0tjS2xQSUVSXzNuRlVjMi0?oc=5,,
,https://news.google.com/rss/articles/CBMif0FVX3lxTE5VajJoYlVYM3VGNkozZ2ZWbmlsdWZfcVRvdUkwcWFuNUtmdGZyT2ttczY2ZnFROUZqMXJYSUw1RFFpOU5fNHRuc1doOHZ0TkhoMkNucVRRRDlBN2Uyc0RkRGRKbmtkZ1BZTzdWaFFvQVg5M0lTWHE1dzVYNkpTQzg?oc=5,,
,https://news.google.com/rss/articles/CBMigwFBVV95cUxQUkJxcUppbG96YTdPRVRucnZPWWFLX2Q5RGJJN3c2QkpMMnpFNmlHalBhdjNoNW5EVUwwMjJwR0R1R29YMUxMLWQzcm43WGNQNk5HcVNkVFBkWkdZTm1lWjdNVjQ5dVl1V1ZiUmJFY0F4elFLM2JzM0JzUTVGaklObWlIUQ?oc=5,,
,https://news.google.com/rss/articles/CBMi0AFBVV95cUxNSEJpeTdsNGljZjB1RnRqN0w5MHJHbmRpakFZcXU1SlhaQTJLa2dhU09sQ2ZwY0dvS19jQUxDTHBOVHhDOFZIY0lmbWJQeVYxZlBxZ3MwRkU2ZVBxS2ZoME4wRFF2TFBDdGdzYWtLbnhhcW1HWGdaVXQtcG9RcGRoUVdQUHJSUVVYY0tlVjdwT3Flc3N5c19GTVBCaW8wYUhuQ2Qza1RrTU9pYkJHZ3JReUczQnQ1VVFaejlqOUQ2VzI5bDhBRVhYVU9tS0w4emhH?oc=5,,
,https://news.google.com/rss/articles/CBMi6gFBVV95cUxObElfdTROaXV6Y0loRzJSYjFZRE1mVF9xbHkyRWV1VnNUVTNVZ1ZBOC0tY1BldXNzS0Vmd09RM3FMSWRJblpaZnRkbkFESkxiaE1kYmdNZHRJdEFNV2FXVktkLW1PSU5Manl4cUJyOWROY2V1VWJiT0xZaERubTItWnRFLTMtaTRRTmpPb0xqT1F6TjNUcHVSb01tYmN0LXZZU1p1a09uZW1pdmJJNnlMa042cEJ2U2g5N19ENXVyWjI2d1Y2UGhzZjRiWk1vQ29PSjZqOFFLaVJDa0MyRUhPcE9QQ2NwanprMmc?oc=5,,
,https://news.google.com/rss/articles/CBMinAFBVV95cUxOY1NGVURPSG1ucUZCQnpDZzRSQS1na0FGYVc2Z1BWYWxZNDNCRE5sTHUydGVRS0poQjBuZHo5ZXU2ZG9wOVAtQzFsRWNDdW9OX1A2elpXcTRQbnlrdnZTOGxFdnkxMm5aMWpUVjdoQzB3Q0d0ODZSWU5nQUVfSEVTY0JVQUFRUUp1cjFRZ3EyN0JTbkVkandXYjRZdDU?oc=5,,
,https://news.google.com/rss/articles/CBMizgFBVV95cUxPMzd6SjJiMDRBRG9BNXlPdGF1YWJJUXBmdWs3UDA4eVE5TTBMMUhjSTZjRHJhVFExMFUwMDl2NkdIRVpPWmsxb0xKVDVlckptOG1iaVo3NVNPRHFoVDZBdFBwV0xxOTdNVjV2dmxUOGNMbUNOUlN4RF82OER1UjNmeVJHTWc3RDh0NHRwbEcwSHJicC1MZDBuY0hfcWlOTTVMcnRlZGIyOWJsVVhqWmxtTk10aGZnYi1TQ29CNXFuRUhVMXd2SjAyNmtyYlJCUdIB4gFBVV95cUxPOFpzdWFwbGN3WkpLMDl6SHlKZy02SVRCbERPTm5YaExtYU9JT21UVzNZNjZSaTZJUE1VbWFBR2Rsc09Zd3lfRnhkUlV5a2xldW5XMXJvbDdOSHZIQjM4WGZlVHlUbXRmd3QwZ1JobE9tQ19qZ1NVS0JqMEJUVHo0aVFBcy1NazV1NlVqazZueUdKOGd6R29kYU5sNFg1eFFoY2VKOW83amloc3BVYm1Bb2NnN2EwWTQ4NU51OWswbi1tSzF0X0ZrOGNQQXAzWEU4dVhZMU9QaG1CVGNpT0RSOXlB?oc=5,,
,https://news.google.com/rss/articles/CBMie0FVX3lxTE41aFhFOUFfSVBfMnp1NWxScWJwZzRqWTdtNERpX3ZwMEJ3VDJHZW9WZUc1SWVpbHV3dTB6TmgycFB6cHJoQ3VKdThqd0xEOGhLMmttLWNJNkFCbUdzaXVMcFhJbFA0Vi16VXdScm8wUWx3a3NSZkVzOHRvTQ?oc=5,,
,https://news.google.com/rss/articles/CBMirAFBVV95cUxQZFpGWWVtQ21ac204QWdUZFZYMnBfWU12VUJIT3lUb0NKN2xZcDBsTmlpTHFxamV1ZUl1Mnk0ODJ5WWd2ZE9DTWREU1E3dzNvMDB0Z0NVYzBpMldZSlVMTUxrbzNhX3F4YnRWWW1pTTFqc2VfaTBjXzdiQi1idEtJeVVrcmp0aFg2clZRXzdQMTB4ZEQtM2lNOW5RUTljUXJxVmk0blBkZ2JUUTZ1?oc=5,,
,https://news.google.com/rss/articles/CBMirwFBVV95cUxORDBzVEJLcmpkT0JtOFRWaFFfRlpRMTNQRzlBeGI1TURzbnY3OVY3bC1Ed0s5V2NFaUtfLWNIbllfOTc2UnVoQ3ZlYlR3dXVqT2ZtU08xVGdEdXpPWmpSX1VrV3NNeDRYd25JSGlGVTNNOWtFbkhqSDJIaENQRTdMUUR1eTJxUnJmY1FjWW5GSHZGNk1TT29jZ2FIVm9PT01fSkRuZUtId0lNNndoOXFr?oc=5,,
,https://news.google.com/rss/articles/CBMihgJBVV95cUxQQlliNnhYS05WczhKUFJCajFRRmg3RlhScTREZkQ2QVp3Yk45N1BwT0xURUJ4T0FxNlFlcUtCWFVOVkVUVUN5RUotV0Z4YXdlSHE0MXQxVnJxT09vTkg4NG13WUR1V3RraVZiTWFXQktnTjdmLXRmN3NvLWFTdG85NUp4WjNVZHVpOEFVVzhTa2VmLXp5dUFGSXJYd3RKSjUycDU5ZjIxWDRLZUwyaUNCYUhicFRDY3BKVFl5TEw3LTFNcDhYNFJuOFlSMUUwd3hvc2U2TTV3bFFMTmd5YXU2dkIzZlRpQ1VWOVBHX0JxRk9yMTdpWTFOek1xdkQ0elhKWndDcjl3?oc=5,,
,https://news.google.com/rss/articles/CBMiggFBVV95cUxNdFJaelRzN1drLTZJZmo0SlU0dnRfRG5La3hmXzFQWGpTcFdodjJ2Skx4azcxZWxxSHlpb0Ryb0o0a2FUOW5OS0dpTEdHeV9uc1Z6S21lWFNXQ3NFQWEwbVZhVVEtZ2c1WW95TjNvMDRESkprZkMwZmZOdlZMM291YWJR0gGHAUFVX3lxTFAxLU9xd0ZUVVVZck5HOXFTbVhYVndBSU9ZZU04bmdLYllYazI4RGdUMmxIVmlNVTFHakJzZzM4SldKNU03TnZ6dTRvaGNhbE5wZU1ac3JqZm54SFRjcl8yVC1IM3RocEI2MkJUNlVyS3NsSkNJVDRaTXlUb24wS2ZOczNJLVk0cw?oc=5,,
,https://news.google.com/rss/articles/CBMixAFBVV95cUxOeTktNXdVa2RKZWUtbUxjMlNaX0FiQkRlQzlUSW5ILU5VekdQMlduWUdMRy1ZalJnS2Z5X081b1ZpMzQtY3lfRzRpNjJvcldqdmtzem0tUDBEdG9nOFlfVWJCTUNjTWpBTjdRZ3ZFNlgtSmFzNC1UTEJZMlhCamk0c0FDLWFjeTdrNURzdlVOQ0x2NlhpX05kQmdFMWpEN09iTTMyQm9ZNVlyT2VVOVpxbFlnV0diN1JBbGhuaUZsUVpTMVRs0gHYAUFVX3lxTE1HYlNkS0E0SEtGV1ljRW5ZeWR4dFVMU1UwUGxBMDRGamFWdmxxWDM1enBhSS1FR2lWeU5DbmUzZ0xsY3E1ZnZBLVhrdVAyMDBJNklJS3JnOVNNdGhNNDJBOVBiX29xRGRscXhibEJvZ1FBNUJEUE93eV95RV84dmxnb29CajZGWHF1aThmQmgwSk5TZzh0Q1Q0ZXhOa0pWQzFCUXJpejgwZXkxWXVYSlJwc25jbEF4VFZBTFh2Ym5QR3RsTWdjbndGWUlqcm45bmN1QzlvMzdDUw?oc=5,,
,https://news.google.com/rss/articles/CBMiekFVX3lxTE1fQTR4X2w5R09JQ3dZXzdXTUNEeEN2aXlMenR2VUNLT3ZWOE1BX0tFb1UtSGVIQUpvWk9GS1V4VHhXY3IzMEZDX1pqS0VjQ2xXX3Y1WUtBMnlhSC13N2FyZHF2LXJ1cHhXUVdxTU9yYlRtckVab0p0a1dR?oc=5,,
,https://news.google.com/rss/articles/CBMigAFBVV95cUxPOG9LTWdsYVlDUU5oMTlmbVBlYU1faDlWczJLTkxBeGlVZHlhb2RpSGpFaXUxVFdtc0FHMV9fTk4xejNCd0lpelBXaFQ5M0J3VUZDdElIaWxxWjJkTTJHVnpOMDczS0M1cUdqeko3WFhNNXItMnY5V3lBMXJsUTVZWg?oc=5,,
Google Vids 2.0,https://www.producthunt.com/products/google,ProductHunt,
Surf Social Websites,https://www.producthunt.com/products/flipboard-surf,ProductHunt,
Klick AI Camera Assistant,https://www.producthunt.com/products/klick-1-ai-camera-assistant,ProductHunt,
Faahh,https://www.producthunt.com/products/faahh-app-that-roasts-you-back-to-work,ProductHunt,
Open Claude in Chrome,https://www.producthunt.com/products/open-claude-in-chrome,ProductHunt,
APImage,https://www.producthunt.com/products/apimage,ProductHunt,
Sleek Analytics,https://www.producthunt.com/products/sleek-analytics,ProductHunt,
Donut Browser,https://www.producthunt.com/products/donut-browser,ProductHunt,
OpenGyver,https://www.producthunt.com/products/opengyver,ProductHunt,
Mercury Edit 2,https://www.producthunt.com/products/mercury-412,ProductHunt,
OpenRouter Model Fusion,https://www.producthunt.com/products/openrouter,ProductHunt,
Vista,https://www.producthunt.com/products/vista-4,ProductHunt,
Fluently,https://www.producthunt.com/products/fluently-accurate-youtube-subtitles,ProductHunt,
GeneratePPT,https://www.producthunt.com/products/generateppt,ProductHunt,
VoiceOS,https://www.producthunt.com/products/voiceos,ProductHunt,
ZooClaw,https://www.producthunt.com/products/zooclaw,ProductHunt,
Google Gemma 4,https://www.producthunt.com/products/google-gemma,ProductHunt,
Package Mate,https://www.producthunt.com/products/package-mate-open-source-cli-for-macos,ProductHunt,
"Duck, Duck, Duck! by IDEO",https://www.producthunt.com/products/duck-duck-duck-by-ideo,ProductHunt,
Quip Network,https://www.producthunt.com/products/quip-network,ProductHunt,
SlapWindows,https://www.producthunt.com/products/slapwindows,ProductHunt,
Side Reminder,https://www.producthunt.com/products/side-reminder,ProductHunt,
Otto by Audos.com,https://www.producthunt.com/products/socap,ProductHunt,
Cursor 3,https://www.producthunt.com/products/cursor-3,ProductHunt,
Gerri,https://www.producthunt.com/products/gerri,ProductHunt,
ChatGPT on CarPlay,https://www.producthunt.com/products/openai,ProductHunt,
Slide2Video,https://www.producthunt.com/products/slide2video-2,ProductHunt,
MAI-Transcribe-1,https://www.producthunt.com/products/mai-image-2-3,ProductHunt,
Mesh LLM,https://www.producthunt.com/products/mesh-llm,ProductHunt,
NotebookLM Custom Infographic Styles,https://www.producthunt.com/products/notebooklm-custom-infographic-styles,ProductHunt,
Trinity-Large-Thinking by Arcee,https://www.producthunt.com/products/trinity-large-thinking-by-arcee-ai,ProductHunt,
Vxero Neo,https://www.producthunt.com/products/vxero-neo,ProductHunt,
Straude,https://www.producthunt.com/products/straude,ProductHunt,
Qwen3.6-Plus,https://www.producthunt.com/products/qwen3,ProductHunt,
Turn It Gen Z,https://www.producthunt.com/products/turn-it-gen-z,ProductHunt,
EmDash CMS,https://www.producthunt.com/products/emdash-cms,ProductHunt,
Codictate,https://www.producthunt.com/products/codictate,ProductHunt,
Dashla,https://www.producthunt.com/products/dashla-dashboard-for-tesla,ProductHunt,
HoloTutor by VictoryXR,https://www.producthunt.com/products/holotutor-by-victoryxr,ProductHunt,
FindThem,https://www.producthunt.com/products/findthem,ProductHunt,
StampCut,https://www.producthunt.com/products/stampcut,ProductHunt,
SampleStack,https://www.producthunt.com/products/samplestack,ProductHunt,
Mode AI,https://www.producthunt.com/products/mode-ai-2,ProductHunt,
Mngr,https://www.producthunt.com/products/imbue-7,ProductHunt,
Lightning V3,https://www.producthunt.com/products/smallest-ai,ProductHunt,
Jetson,https://www.producthunt.com/products/jetson-3,ProductHunt,
Nitro by Rocketlane,https://www.producthunt.com/products/rocketlane,ProductHunt,
Roger AI,https://www.producthunt.com/products/roger-ai-2,ProductHunt,
OpenYak,https://www.producthunt.com/products/openyak,ProductHunt,
Denovo,https://www.producthunt.com/products/denovo,ProductHunt,
I built a fully customizable One Piece wanted poster generator (web + Telegram bot),https://www.reddit.com/r/SideProject/comments/1scvtk1/i_built_a_fully_customizable_one_piece_wanted/,Reddit_SideProject,
I built a dating app with a psychological profiling system and a built-in lie detector. Getting married in 10 days. No funding. No users. Here's why I'm doing it anyway.,https://www.reddit.com/r/SideProject/comments/1scvaak/i_built_a_dating_app_with_a_psychological/,Reddit_SideProject,
Test my beta travel app,https://www.reddit.com/r/SideProject/comments/1scv96b/test_my_beta_travel_app/,Reddit_SideProject,
"A habit tracker inspired by Kintsugi where ""slips"" are repaired with gold instead of breaking your streak.",https://www.reddit.com/r/SideProject/comments/1scv0t4/a_habit_tracker_inspired_by_kintsugi_where_slips/,Reddit_SideProject,
I built a web app that decides what to buy for you in 8 seconds,https://www.reddit.com/r/SideProject/comments/1scuxa0/i_built_a_web_app_that_decides_what_to_buy_for/,Reddit_SideProject,
"Built a Masters betting pool in Google Sheets during uni, started selling it out of boredom during Covid, now considering building an add-in or app with AI",https://www.reddit.com/r/SideProject/comments/1sctsqf/built_a_masters_betting_pool_in_google_sheets/,Reddit_SideProject,
"I built a habit tracker app solo in Flutter. 65K downloads, 200 usd— here's the honest breakdown",https://www.reddit.com/r/SideProject/comments/1sctqtt/i_built_a_habit_tracker_app_solo_in_flutter_65k/,Reddit_SideProject,
"I built a live AI training platform for the skills that will matter in 10 years — solo, in 4 months",https://www.reddit.com/r/SideProject/comments/1sctd66/i_built_a_live_ai_training_platform_for_the/,Reddit_SideProject,
I built 10 sports team management apps with Flutter — here's what I learned,https://www.reddit.com/r/SideProject/comments/1sct5fe/i_built_10_sports_team_management_apps_with/,Reddit_SideProject,
Most fundraising platforms give you lists. We built one that gives founders direction.,https://www.reddit.com/r/SideProject/comments/1scsoba/most_fundraising_platforms_give_you_lists_we/,Reddit_SideProject,
I grabbed gemma4.app on launch day and built this in 48 hours,https://www.reddit.com/r/SideProject/comments/1scsfq7/i_grabbed_gemma4app_on_launch_day_and_built_this/,Reddit_SideProject,
"Built a financial decision engine — model rent vs buy, taxes, and investing instantly (free)",https://www.reddit.com/r/SideProject/comments/1scvyym/built_a_financial_decision_engine_model_rent_vs/,Reddit_SideProject,2026-04-05
"I tracked how long I spent ""deciding what to do"" on my last vacation. It was 4 hours. So I built something.",https://www.reddit.com/r/SideProject/comments/1scv55p/i_tracked_how_long_i_spent_deciding_what_to_do_on/,Reddit_SideProject,2026-04-05
"So I built a SaaS subscription tracker a few months ago, finally got my first paying customer, and never felt ready to share it until now",https://www.reddit.com/r/SideProject/comments/1scv1h2/so_i_built_a_saas_subscription_tracker_a_few/,Reddit_SideProject,2026-04-05
My LLM+KB project (Cabinet) reached 309 github start in 48 hours!,https://www.reddit.com/r/SideProject/comments/1scuref/my_llmkb_project_cabinet_reached_309_github_start/,Reddit_SideProject,2026-04-05
A stray cat I fed every day got hit by a car. All I have left are a few photos buried in my camera roll — so I built something to fix that.,https://www.reddit.com/r/SideProject/comments/1scugwy/a_stray_cat_i_fed_every_day_got_hit_by_a_car_all/,Reddit_SideProject,2026-04-05
I got tired of scattered runbooks so I built dops,https://www.reddit.com/r/SideProject/comments/1scu24i/i_got_tired_of_scattered_runbooks_so_i_built_dops/,Reddit_SideProject,2026-04-05
Built a simple map to see what people are building around the world,https://www.reddit.com/r/SideProject/comments/1sddh9w/built_a_simple_map_to_see_what_people_are/,Reddit_SideProject,2026-04-05
"Built a small caption preview tool — probably reinventing the wheel, but wanted to ship something real",https://www.reddit.com/r/SideProject/comments/1sddgxe/built_a_small_caption_preview_tool_probably/,Reddit_SideProject,2026-04-05
"I got tired of building alone, so I made matchbox: paste what your AI says about you, get matched with a team + a real project",https://www.reddit.com/r/SideProject/comments/1sdd0yz/i_got_tired_of_building_alone_so_i_made_matchbox/,Reddit_SideProject,2026-04-05
What I did yesterday to get my first paid users in 4hrs from build to payment processed without cold DMs or cold email.,https://www.reddit.com/r/SideProject/comments/1sdcu7a/what_i_did_yesterday_to_get_my_first_paid_users/,Reddit_SideProject,2026-04-05
I made a free app that shames you publicly if you miss your daily goals,https://www.reddit.com/r/SideProject/comments/1sdcawk/i_made_a_free_app_that_shames_you_publicly_if_you/,Reddit_SideProject,2026-04-05
"As a designer, I've built the project management tool of my dreams",https://www.reddit.com/r/SideProject/comments/1sdbysc/as_a_designer_ive_built_the_project_management/,Reddit_SideProject,2026-04-05
"I built a swipe based kink preference quiz, 54 completions in a week with zero marketing",https://www.reddit.com/r/SideProject/comments/1sdbvp1/i_built_a_swipe_based_kink_preference_quiz_54/,Reddit_SideProject,2026-04-05
I spent 6 months building a SaaS nobody used,https://www.reddit.com/r/SideProject/comments/1sdbrs7/i_spent_6_months_building_a_saas_nobody_used/,Reddit_SideProject,2026-04-05
I built a gamified fitness app for gamers — free beta testers wanted (honest feedback welcome),https://www.reddit.com/r/SideProject/comments/1sdbr2i/i_built_a_gamified_fitness_app_for_gamers_free/,Reddit_SideProject,2026-04-05
I built an AI that runs your business idea through the 100M Offers Value Equation,https://www.reddit.com/r/SideProject/comments/1sdbovl/i_built_an_ai_that_runs_your_business_idea/,Reddit_SideProject,2026-04-05
I built an MCP integration to directly create and edit app store screenshots from the terminal,https://www.reddit.com/r/SideProject/comments/1sdbob9/i_built_an_mcp_integration_to_directly_create_and/,Reddit_SideProject,2026-04-05
Most people are using AI wrong—and it’s capping what they can do,https://www.reddit.com/r/SideProject/comments/1sdbkbk/most_people_are_using_ai_wrongand_its_capping/,Reddit_SideProject,2026-04-05
Made a tool to compare programming languages and rank with learnings!,https://www.reddit.com/r/SideProject/comments/1sdbfoi/made_a_tool_to_compare_programming_languages_and/,Reddit_SideProject,2026-04-05
"Building a Mac app that creates an album out of 10,000+ photos - completely offline, nobody gets left out",https://www.reddit.com/r/SideProject/comments/1sdbe6z/building_a_mac_app_that_creates_an_album_out_of/,Reddit_SideProject,2026-04-05
"Built a crypto dashboard in a weekend using CoinMarketCap's free API, super proud of this one",https://www.reddit.com/r/SideProject/comments/1sdb74r/built_a_crypto_dashboard_in_a_weekend_using/,Reddit_SideProject,2026-04-05
I built an AI gatekeeper for distracting apps,https://www.reddit.com/r/SideProject/comments/1sdb630/i_built_an_ai_gatekeeper_for_distracting_apps/,Reddit_SideProject,2026-04-05
I built a free privacy first desktop app for mind mapping (runs 100% locally),https://www.reddit.com/r/SideProject/comments/1sdazlq/i_built_a_free_privacy_first_desktop_app_for_mind/,Reddit_SideProject,2026-04-05
Raise Your Vibe: Daily Wisdom,https://www.producthunt.com/products/daily-wisdom-raise-your-vibe,ProductHunt,2026-04-05
ClarifierAI for IOS,https://www.producthunt.com/products/clarifierai-rewrite-text-2,ProductHunt,2026-04-12
LLM Ops Toolkit by Lamatic.ai,https://www.producthunt.com/products/lamatic-ai,ProductHunt,2026-04-12
Airlinkee,https://www.producthunt.com/products/airlinkee-your-professional-link-page,ProductHunt,2026-04-12
